Species,ScientificName,ECOS_Page
Bull Trout,Salvelinus confluentus,https://ecos.fws.gov/ecp0/profile/speciesProfile?sId=8212
Northern spotted owl,Strix occidentalis caurina,https://ecos.fws.gov/ecp0/profile/speciesProfile?sId=1123
Marbled murrelet,Brachyramphus marmoratus,https://ecos.fws.gov/ecp0/profile/speciesProfile?sId=4467
Grizzly Bear,Ursus arctos horribilis,https://ecos.fws.gov/ecp0/profile/speciesProfile?sId=7642
Streaked horned lark,Eremophila alpestris strigata,https://ecos.fws.gov/ecp0/profile/speciesProfile?sId=7268
Yellow-billed cuckoo,Coccyzus americanus,https://ecos.fws.gov/ecp0/profile/speciesProfile?sId=3911
Mexican spotted owl,Strix occidentalis lucida,https://ecos.fws.gov/ecp0/profile/speciesProfile?sId=8196
Southwestern willow flycatcher,Empidonax trailliiextimus,https://ecos.fws.gov/ecp0/profile/speciesProfile?sId=6749
Chiricahua Leopard frog,Rana chiricahuensis,https://ecos.fws.gov/ecp0/profile/speciesProfile?sId=1516
Piping plover,Charadrius melodus,https://ecos.fws.gov/ecp0/profile/speciesProfile?sId=6039
Northern Mexican gartersnake,Thamnophis eques megalops,https://ecos.fws.gov/ecp0/profile/speciesProfile?sId=7655
New Mexico meadow jumping mouse,Zapus hudsonius luteus,https://ecos.fws.gov/ecp0/profile/speciesProfile?sId=7965
Narrow-headed gartersnake,Thamnophis rufipunctatus,https://ecos.fws.gov/ecp0/profile/speciesProfile?sId=2204
Gila chub,Gila intermedia,https://ecos.fws.gov/ecp0/profile/speciesProfile?sId=51
Ocelot,Leopardus (=Felis) pardalis,https://ecos.fws.gov/ecp0/profile/speciesProfile?sId=4474
Red knot,Calidris canutus rufa,https://ecos.fws.gov/ecp0/profile/speciesProfile?sId=1864
Loach Minnow,Tiaroga cobitis,https://ecos.fws.gov/ecp0/profile/speciesProfile?sId=6922
Northern long-eared bat,Myotis septentrionalis,https://ecos.fws.gov/ecp0/profile/speciesProfile?sId=9045
Indiana bat,Myotis sodalis,https://ecos.fws.gov/ecp0/profile/speciesProfile?sId=5949
Eastern massasauga (=rattlesnake),Sistrurus catenatus,https://ecos.fws.gov/ecp0/profile/speciesProfile?sId=2202
Rusty patched bumble bee,Bombus affinis,https://ecos.fws.gov/ecp0/profile/speciesProfile?sId=9383
Snuffbox mussel,Epioblasma triquetra,https://ecos.fws.gov/ecp0/profile/speciesProfile?sId=4135
West Indian manatee,Trichechus manatus,https://ecos.fws.gov/ecp0/profile/speciesProfile?sId=4469
Leatherback sea turtle,Dermochelys coriacea,https://ecos.fws.gov/ecp0/profile/speciesProfile?sId=1493
Hawksbill sea turtle,Eretmochelys imbricata,https://ecos.fws.gov/ecp0/profile/speciesProfile?sId=3656
Eastern indigo snake,Drymarchon corais couperi,https://ecos.fws.gov/ecp0/profile/speciesProfile?sId=646
Wood stork,Mycteria americana,https://ecos.fws.gov/ecp0/profile/speciesProfile?sId=8477
Sand skink,Neoseps reynoldsi,https://ecos.fws.gov/ecp0/profile/speciesProfile?sId=4094
American crocodile,Crocodylus acutus,https://ecos.fws.gov/ecp0/profile/speciesProfile?sId=6604
Florida scrub-jay,Aphelocoma coerulescens,https://ecos.fws.gov/ecp0/profile/speciesProfile?sId=6174
Garber's spurge,Chamaesyce garberi,https://ecos.fws.gov/ecp0/profile/speciesProfile?sId=8229
Seabeach amaranth,Amaranthus pumilus,https://ecos.fws.gov/ecp0/profile/speciesProfile?sId=8549
Small whorled pogonia,Isotria medeoloides,https://ecos.fws.gov/ecp0/profile/speciesProfile?sId=1890
Dwarf wedgemussel,Alasmidonta heterodon,https://ecos.fws.gov/ecp0/profile/speciesProfile?sId=784
Eastern prairie fringed orchid,Platanthera leucophaea,https://ecos.fws.gov/ecp0/profile/speciesProfile?sId=601
Topeka shiner,Notropis topeka (=tristis),https://ecos.fws.gov/ecp0/profile/speciesProfile?sId=4122
Preble's meadow jumping mouse,Zapus hudsonius preblei,https://ecos.fws.gov/ecp0/profile/speciesProfile?sId=4090
Ute ladies'-tresses,Spiranthes diluvialis,https://ecos.fws.gov/ecp0/profile/speciesProfile?sId=2159
Salt creek tiger beetle,Cicindela nevadica lincolniana,https://ecos.fws.gov/ecp0/profile/speciesProfile?sId=342
Pawnee montane skipper,Hesperia leonardus montana,https://ecos.fws.gov/ecp0/profile/speciesProfile?sId=929
Gunnison sage-grouse,Centrocercus minimus,https://ecos.fws.gov/ecp0/profile/speciesProfile?sId=6040
Uinta Basin hookless cactus,Sclerocactus wetlandicus,https://ecos.fws.gov/ecp0/profile/speciesProfile?sId=9037
Utah prairie dog,Cynomys parvidens,https://ecos.fws.gov/ecp0/profile/speciesProfile?sId=5517
Steller's eider,Polysticta stelleri,https://ecos.fws.gov/ecp0/profile/speciesProfile?sId=1475
Spectacled eider,Somateria fischeri,https://ecos.fws.gov/ecp0/profile/speciesProfile?sId=762
California red-legged frog,Rana draytonii,https://ecos.fws.gov/ecp0/profile/speciesProfile?sId=2891
California tiger salamander,Ambystoma californiense,https://ecos.fws.gov/ecp0/profile/speciesProfile?sId=2076
Vernal pool fairy shrimp,Branchinecta lynchi,https://ecos.fws.gov/ecp0/profile/speciesProfile?sId=498
Desert tortoise,Gopherus agassizii,https://ecos.fws.gov/ecp0/profile/speciesProfile?sId=4481
Least Bell's vireo,Vireo bellii pusillus,https://ecos.fws.gov/ecp0/profile/speciesProfile?sId=5945
Coastal California gnatcatcher,Polioptila californica californica,https://ecos.fws.gov/ecp0/profile/speciesProfile?sId=8178
Delta smelt,Hypomesus transpacificus,https://ecos.fws.gov/ecp0/profile/speciesProfile?sId=321
El Segundo blue butterfly,Euphilotes battoides allyni,https://ecos.fws.gov/ecp0/profile/speciesProfile?sId=3135
Valley elderberry longhorn beetle,Desmocerus californicus dimorphus,https://ecos.fws.gov/ecp0/profile/speciesProfile?sId=7850
Giant garter snake,Thamnophis gigas,https://ecos.fws.gov/ecp0/profile/speciesProfile?sId=4482
Vernal pool tadpole shrimp,Lepidurus packardi,https://ecos.fws.gov/ecp0/profile/speciesProfile?sId=2246
San Joaquin kit fox,Vulpes macrotis mutica,https://ecos.fws.gov/ecp0/profile/speciesProfile?sId=2873
Tidewater goby,Eucyclogobius newberryi,https://ecos.fws.gov/ecp0/profile/speciesProfile?sId=57
Arroyo Toad,Anaxyrus californicus,https://ecos.fws.gov/ecp0/profile/speciesProfile?sId=3762
California least tern,Sterna antillarum browni,https://ecos.fws.gov/ecp0/profile/speciesProfile?sId=8104
